{
  "builds": [
    {
      "src": "packages/app/package.json",
      "use": "@now/static-build",
      "config": {"distDir": "build", "newPipeline": true}
    },
    {
      "src": "packages/api/chart.ts",
      "use": "@now/node",
      "config": {"maxLambdaSize": "40mb"}
    }
  ],
  "routes": [
    {
      "src": "^/chart/.*\\.png$",
      "dest": "/packages/api/chart.ts"
    },
    {"src": "^/edit/.*", "dest": "/packages/app/index.html"},
    {"src": "^/(.*)", "dest": "/packages/app/$1"}
  ]
}
